{"cameraMode":{"drawMode":0,"name":"Shaded","section":"Shading Mode"},"sceneLighting":true,"audioPlay":false,"sceneViewState":{"m_AlwaysRefresh":false,"showFog":true,"showSkybox":true,"showFlares":true,"showImageEffects":true,"showParticleSystems":true,"showVisualEffectGraphs":true,"m_FxEnabled":true},"in2DMode":false,"pivot":{"x":-27.027835845947267,"y":2.416332244873047,"z":14.668699264526368},"rotation":{"x":0.02832631766796112,"y":-0.15528005361557008,"z":-0.0033343739341944458,"w":-0.9876793622970581},"size":4.977803707122803,"orthographic":false}