{"cameraMode":{"drawMode":0,"name":"Shaded","section":"Shading Mode"},"sceneLighting":true,"audioPlay":false,"sceneViewState":{"m_AlwaysRefresh":false,"showFog":true,"showSkybox":true,"showFlares":true,"showImageEffects":true,"showParticleSystems":true,"showVisualEffectGraphs":true,"m_FxEnabled":true},"in2DMode":false,"pivot":{"x":7.036313056945801,"y":6.418376922607422,"z":-22.033567428588868},"rotation":{"x":0.14949098229408265,"y":-0.5629462599754334,"z":0.10383354127407074,"w":0.8064148426055908},"size":5.6515936851501469,"orthographic":false}