{"cameraMode":{"drawMode":0,"name":"Shaded","section":"Shading Mode"},"sceneLighting":true,"audioPlay":false,"sceneViewState":{"m_AlwaysRefresh":false,"showFog":true,"showSkybox":true,"showFlares":true,"showImageEffects":true,"showParticleSystems":true,"showVisualEffectGraphs":true,"m_FxEnabled":true},"in2DMode":false,"pivot":{"x":-22.871070861816408,"y":5.043918609619141,"z":12.860420227050782},"rotation":{"x":0.1607905775308609,"y":0.5287622213363648,"z":-0.10280932486057282,"w":0.8271931409835815},"size":11.705060958862305,"orthographic":false}